"","technology","costs_q25","costs_q75","costs_q10","costs_q90","costs_min","costs_max","costs_mean","costs_min_expert","costs_max_expert"
"1","Afforestation and Reforestation",4.602272727,30,1.363636364,65.81,0.1,237,27.959397727325,5,50
"2","BECCS",40,121.75,26.4,198.3,14,400,95.3088235294118,100,200
"3","Biochar",90,260.5,41,318,8,345,169.857142857143,30,120
"4","DACCS",95.25,483,51.9,600,25,1000,283.1,100,300
"5","Enhanced weathering (terrestrial and ocean)",40,144,19.046,353.311651728553,14.9863760217984,3459.66709346991,249.639848894905,50,200
"6","Ocean fertilization",1.5,24.5,0,80.4,0,457,35.5148148148148,NA,NA
"7","Soil Carbon Sequestration",-8.75,63.75,-30.5,85.5,-45,100,27.5,0,100
